"DESCRIPTION","DURATION IN MS","NAME","PARENT SUITE","START TIME","STATUS","STOP TIME","SUB SUITE","SUITE","TEST CLASS","TEST METHOD"
"","56","Create, edit, and delete a test attribute","","2026-09-22","skipped","2026-09-22","","","",""
"","30","Create a new Bulk Offload protocol with multiple sections and test attributes","","2026-09-22","skipped","2026-09-22","","","",""
"","41","Pause the corresponding filler when the fourth test fails","","2026-09-22","skipped","2026-09-22","","","",""
"","29","Dashboard","","2026-09-22","skipped","2026-09-22","","","",""
"","31","Create Spec Change Request when the third test fails","","2026-09-22","skipped","2026-09-22","","","",""
"","55","Create a new protocol campaign","","2026-09-22","skipped","2026-09-22","","","",""
"","11387","Verify Change Recording status filter options","","2026-09-22","passed","2026-09-22","","","",""
"","12807","Filter change recordings by Deleted status","","2026-09-22","passed","2026-09-22","","","",""
"","39","Approve and download the COA for the campaign created in Liquid Analysis","","2026-09-22","skipped","2026-09-22","","","",""
"","40317","Filter change recordings by Created status","","2026-09-22","broken","2026-09-22","","","",""
"","14","Show in-app notification when the second test fails","","2026-09-22","skipped","2026-09-22","","","",""
"","13","Add, edit, and delete a shift","","2026-09-22","skipped","2026-09-22","","","",""
"","13","Customer download for the campaign created in Liquid Analysis","","2026-09-22","skipped","2026-09-22","","","",""
"","40417","Clear the Change Recording status filter","","2026-09-22","broken","2026-09-22","","","",""
"","20","Approve a Spec Change Request raised after the third test failure","","2026-09-22","skipped","2026-09-22","","","",""
"","34","Create, edit, and delete a Micro Test","","2026-09-22","skipped","2026-09-22","","","",""
"","40859","Filter change recordings by Updated status","","2026-09-22","broken","2026-09-22","","","",""
"","107","Execute tests and complete the campaign","","2026-09-22","skipped","2026-09-22","","","",""
"","19","Create and delete a Chem Test","","2026-09-22","skipped","2026-09-22","","","",""
"","15","Archive and unarchive a document control record","","2026-09-22","skipped","2026-09-22","","","",""
"","12780","Search change recording by keyword","","2026-09-22","broken","2026-09-22","","","",""
